Year,Position,Name,Teams,WAR,Runs,Hits,HR,RBI,SB,BA,W,L,ERA,SO,K_9,WHIP,Position_type,Picture,Bio
1910s,Catcher,Wally Schang,"Philadelphia Athletics, Boston Red Sox",20.6,301,568,17,265,68,0.273,,,,,,,Offense,photo/1910/wally-schang.jpg,"Most baseball historians agree that Wally Schang was the greatest offensive catcher of the deadball (pre-1920) era. When Schang wasn't catching, his managers usually played him in center field, right, or at third base, in order to keep his bat in the lineup. His defensive work was also regarded as outstanding, although he holds the American League career record for most errors by a catcher, with 218."
1910s,First Base,Jake Daubert," Brooklyn Dodgers, Cincinnati Reds",29.2,727,1535,35,459,198,0.302,,,,,,,Offense,photo/1910/jake-daubert.jpg,"Daubert was recognized throughout his career for his performances on the field. He won the 1913 and 1914 National League batting titles, as well as the 1913 Chalmers Award. Between 1911 and 1919, The Baseball Magazine named him to their All-American team seven times.[2] Baseball historian William C. Kashatus observed that Daubert was ""a steady .300 hitter for 10 years of the Deadball Era"", who ""never fielded below the .989 mark"" during the same period.[3]"
1910s,Second Base,Eddie Collins,"Philadelphia Athletics, Chicago White Sox",73.4,991,1682,21,681,489,0.326,,,,,,,Offense,photo/1910/eddie-collins.jpg,"Eddie Collins was an American professional baseball player, manager and executive. He played as a second baseman in Major League Baseball from 1906 to 1930 for the Philadelphia Athletics and Chicago White Sox. A graduate of Columbia University, Collins holds major league career records in several categories and is among the top few players in several other categories. In 1925, Collins became just the sixth person to join the 3,000 hit club – and the last for the next 17 seasons.[1]"
1910s,Third Base,Home Run Baker,"Philadelphia Athletics, New York Yankees",53.2,733,1502,76,793,206,0.31,,,,,,,Offense,photo/1910/home-run-baker.jpg,"Baker led the American League in home runs for four consecutive years, from 1911 through 1914. He had a batting average over .300 in six seasons, had three seasons with more than 100 runs batted in, and two seasons with over 100 runs scored. Baker's legacy has grown over the years, and he is regarded by many as one of the best power hitters of the deadball era.[2] During his 13 years as a major league player, Baker never played a single inning at any position other than third base. Baker was elected to the National Baseball Hall of Fame by the Veterans Committee in 1955."
1910s,Shortstop,Honus Wagner,Pittsburgh Pirates,34.5,507,1120,31,518,152,0.296,,,,,,,Offense,photo/1910/honus-wagner-3.jpg,"Honus Wagner was an American baseball shortstop who played 21 seasons in Major League Baseball from 1897 to 1917, almost entirely for the Pittsburgh Pirates. Wagner won his eighth (and final) batting titles in 1911, a National League record which remains unbroken to this day, and matched only once, in 1997, 86 years later, by Tony Gwynn. He also led the league in slugging six times, and in stolen bases five times. Wagner was nicknamed ""The Flying Dutchman"" due to his superb speed and German heritage (English-speaking people commonly used the word ""Dutch"" to describe people from both the Netherlands and Germany back at that time). This nickname was a nod to the popular folk-tale made into a famous opera by another Wagner."
1910s,Center Field,Ty Cobb,Detroit Tigers,84.3,1049,1948,47,827,576,0.387,,,,,,,Offense,photo/1910/ty-cobb-2.jpg,"Ty Cobb, nicknamed The Georgia Peach, was an American Major League Baseball (MLB) outfielder. He was born in rural Narrows, Georgia. Cobb spent 22 seasons with the Detroit Tigers, the last six as the team's player-manager, and finished his career with the Philadelphia Athletics. In 1936 Cobb received the most votes of any player on the inaugural Baseball Hall of Fame ballot, receiving 222 out of a possible 226 votes (98.2%); no other player received a higher percentage of votes until Tom Seaver in 1992. In 1999, editors at the Sporting News ranked Ty Cobb third on their list of ""Baseball's 100 Greatest Players"".[2]"
1910s,Left Field,Shoeless Joe Jackson,"Cleveland Indians, Chicago White Sox",55.3,765,1548,42,665,193,0.354,,,,,,,Offense,photo/1910/shoeless-joe-jackson.jpg,"Joseph Jefferson Jackson (July 16, 1887 – December 5, 1951), nicknamed ""Shoeless Joe"", was an American star outfielder who played Major League Baseball (MLB) in the early 1900s. He is remembered for his performance on the field and for his alleged association with the Black Sox Scandal, in which members of the 1919 Chicago White Sox participated in a conspiracy to fix the World Series. As a result of Jackson's association with the scandal, Kenesaw Mountain Landis, Major League Baseball's first commissioner, banned Jackson from playing after the 1920 season despite exceptional play in the 1919 World Series, leading both teams in several statistical categories and setting a World Series record with 12 base hits. Since then, Jackson's guilt has been fiercely debated with new accounts claiming his innocence beckoning Major League Baseball to reconsider his banishment. As a result of the scandal, Jackson's career was abruptly halted in his prime, ensuring him a place in baseball lore."
1910s,Right Field,Tris Speaker,"Boston Red Sox, Cleveland Indians",76.2,967,1821,38,718,340,0.344,,,,,,,Offense,photo/1910/tris-speaker.jpg,"Tristram Edgar Speaker (April 4, 1888 – December 8, 1958), nicknamed ""The Grey Eagle"", was an American baseball player. Considered one of the best offensive and defensive center fielders in the history of Major League Baseball (MLB), he compiled a career batting average of .345 (sixth all-time[1]). His 792 career doubles represent an MLB career record. His 3,514 hits are fifth in the all-time hits list. Defensively, Speaker holds career records for assists, double plays, and unassisted double plays by an outfielder. His fielding glove was known as the place ""where triples go to die."""
1910s,Pitcher,Walter Johnson,Washington Senators,108,,,,,,,454,361,1.59,2219,5.8,0.0953,Pitcher,photo/1910/walter-johnson.jpg,"One of the most celebrated and dominating players in baseball history, Johnson established several pitching records, some of which remain unbroken nine decades after retiring from baseball. He remains by far the all-time career leader in shutouts with 110,[2] second in wins with 417, and fourth in complete games with 531. He held the career record in strikeouts for nearly 56 years, with 3,508, from the 1927 end of his career until the 1983 season, when three players (Steve Carlton, Nolan Ryan and Gaylord Perry) finally passed the mark. Johnson was the only player in the 3,000 strikeout club (achieved 22 July 1923) for 51 years (less 5 days) when Bob Gibson recorded his 3,000th strikeout on 17 July 1974. Johnson led the league in strikeouts a Major League record 12 times—one more than current strikeout leader Nolan Ryan—including a record eight consecutive seasons.[3]"
1920s,Catcher,Bubbles Hargrave,Cincinatti Reds,18.5,298,744,29,359,27,0.314,,,,,,,Offense,photo/1920/bubbles-hargrave.jpg,"Eugene Franklin ""Bubbles"" Hargrave (July 15, 1892 – February 23, 1969) was an American catcher in Major League Baseball who played for the Chicago Cubs, Cincinnati Reds, and New York Yankees. He won the National League batting title in 1926 while playing for Cincinnati. He was nicknamed ""Bubbles"" because he stuttered when saying ""B"" sounds.[1] Bubbles' younger brother, Pinky Hargrave, was also a major league catcher."
1920s,First Base,Lou Gehrig,New York Yankees,39.3,631,919,146,635,30,0.335,,,,,,,Offense,photo/1920/lou-gehrig.jpg,"Henry Louis Gehrig (June 19, 1903 – June 2, 1941), nicknamed ""The Iron Horse"", was an American baseball first baseman who played his entire professional career (17 seasons) in Major League Baseball (MLB) for the New York Yankees, from 1923 until 1939. Gehrig was renowned for his prowess as a hitter and for his durability, which earned him his nickname ""The Iron Horse."" He was an All-Star seven consecutive times,[1] a Triple Crown winner once,[2] an American League (AL) Most Valuable Player twice,[2] and a member of six World Series champion teams. He had a career .340 batting average, .632 slugging average, and a .447 on base average. He hit 493 home runs and had 1,995 runs batted in (RBI). In 1939, he was elected to the Baseball Hall of Fame[3] and was the first MLB player to have his uniform number (4) retired by a team."
1920s,Second Base,Rogers Hornsby,"St. Louis Cardinals, New York Giants, Boston Braves, Chicago Cubs",93.1,1195,2085,250,1153,74,0.382,,,,,,,Offense,photo/1920/rogers-hornsby-3.jpg,"Rogers Hornsby, Sr. (April 27, 1896 – January 5, 1963), nicknamed ""The Rajah"", was an American baseball infielder, manager, and coach who played 23 seasons in Major League Baseball (MLB). He played for the St. Louis Cardinals (1915–1926, 1933), New York Giants (1927), Boston Braves (1928), Chicago Cubs (1929–1932), and St. Louis Browns (1933–1937). Hornsby had 2,930 hits and 301 home runs in his career; his career .358 batting average is second only to Ty Cobb's average. He was named the National League (NL)'s Most Valuable Player (MVP) twice, and was a member of one World Series championship team."
1920s,Third Base,Pie Traynor,Pittsburgh Pirates,23,764,1496,42,804,129,0.322,,,,,,,Offense,photo/1920/pie-traynor.jpg,"Harold Joseph ""Pie"" Traynor (November 11, 1898 – March 16, 1972) was an American professional baseball player, manager, scout and radio broadcaster.[1] He played his entire Major League Baseball (MLB) career (1920–37) as a third baseman with the Pittsburgh Pirates.[1] He was inducted into the Baseball Hall of Fame in 1948.[2]"
1920s,Shortstop,Joe Sewell,Cleveland Indians,44.1,813,1698,30,820,70,0.322,,,,,,,Offense,photo/1920/joe-sewell.jpg,"Joseph Wheeler Sewell (October 9, 1898 – March 6, 1990) was a Major League Baseball infielder for the Cleveland Indians and New York Yankees. He was elected to the Baseball Hall of Fame in 1977. Sewell holds the record for the lowest strikeout rate in major league history, striking out on average only once every 63 at-bats, and the most consecutive games without a strikeout, at 115."
1920s,Left Field,Babe Ruth,New York Yankees,102.4,1365,1734,467,1338,88,0.355,,,,,,,Offense,photo/1920/babe-ruth-2.jpg,"George Herman ""Babe"" Ruth Jr. (February 6, 1895 – August 16, 1948) was an American professional baseball player whose career in Major League Baseball (MLB) spanned 22 seasons, from 1914 through 1935. Nicknamed ""The Bambino"" and ""The Sultan of Swat"", he began his MLB career as a stellar left-handed pitcher for the Boston Red Sox, but achieved his greatest fame as a slugging outfielder for the New York Yankees. Ruth is regarded as one of the greatest sports heroes in American culture and is considered by many to be the greatest baseball player of all time."
1920s,Right Field,Harry Heilmann,Detroit Tigers,56.8,962,1924,142,1131,70,0.364,,,,,,,Offense,photo/1920/harry-heilmann.jpg,"Heilmann won four American League batting championships, securing the honors in 1921, 1923, 1925 and 1927. He appeared in 2,147 major league games, including 1,525 games as a right fielder and 448 as a first baseman and compiled a career batting average of .342, the 12th highest in major league history, and third highest among right-handed batters. At the time of his retirement in 1932, Heilmann ranked sixth in major league history with 542 doubles and eighth with 1,540 RBIs. He remains one of only five players in American League history to hit .400 for a season, having accomplished the feat in 1923 with a .403 batting average."
1920s,Center Field,Goose Goslin,Washington Senators,39.7,717,1436,108,822,109,0.33,,,,,,,Offense,photo/1920/goose-goslin.jpg,"Leon Allen ""Goose"" Goslin (October 16, 1900 – May 15, 1971) was a left fielder in Major League Baseball known for his powerful left-handed swing and dependable clutch hitting. He played 18 seasons with the Washington Senators, St. Louis Browns, and Detroit Tigers, from 1921 until 1938. He was inducted into the Baseball Hall of Fame in 1968."
1920s,Pitcher,Pete Alexander,"Chicago Cubs, St. Louis Cardinals",48.5,,,,,,,165,105,3.04,653,2.4,1.191,Pitcher,photo/1920/pete-alexander.jpg,"Grover Cleveland Alexander (February 26, 1887 – November 4, 1950), nicknamed ""Old Pete"", was an American Major League Baseball pitcher. He played from 1911 through 1930 for the Philadelphia Phillies, Chicago Cubs, and St. Louis Cardinals. He was elected into the Baseball Hall of Fame in 1938."
1930s,Catcher,Bill Dickey,New York Yankees,42.6,722,1431,168,937,26,0.32,,,,,,,Offense,photo/1930/bill-dickey.jpg,"William Malcolm Dickey (June 6, 1907 – November 12, 1993) was an American professional baseball catcher and manager. He played in Major League Baseball for the New York Yankees for 19 seasons. Dickey managed the Yankees after retiring from his playing career. Dickey played for the Yankees from 1928 through 1943. After serving in the United States Navy during World War II, Dickey returned to the Yankees in 1946 as a player and manager. He retired after the 1946 season, but returned in 1949 as a coach, where he taught Yogi Berra the finer points of catching."
1930s,First Base,Lou Gehrig,New York Yankees,73.1,1257,1802,347,1360,72,0.343,,,,,,,Offense,photo/1930/lou-gehrig.jpg,"Henry Louis Gehrig (June 19, 1903 – June 2, 1941), nicknamed ""The Iron Horse"", was an American baseball first baseman who played his entire professional career (17 seasons) in Major League Baseball (MLB) for the New York Yankees, from 1923 until 1939. Gehrig was renowned for his prowess as a hitter and for his durability, which earned him his nickname ""The Iron Horse."" He was an All-Star seven consecutive times,[1] a Triple Crown winner once,[2] an American League (AL) Most Valuable Player twice,[2] and a member of six World Series champion teams. He had a career .340 batting average, .632 slugging average, and a .447 on base average. He hit 493 home runs and had 1,995 runs batted in (RBI). In 1939, he was elected to the Baseball Hall of Fame[3] and was the first MLB player to have his uniform number (4) retired by a team."
1930s,Second Base,Charlie Gehringer,Detroit Tigers,61.1,1181,1865,146,1003,101,0.331,,,,,,,Offense,photo/1930/charlie-gehringer.jpg,"Widely regarded as one of the greatest second basemen of all time, Gehringer, who batted left-handed and threw with his right, compiled a .320 batting average and had seven seasons with more than 200 hits. He was the American League batting champion in 1937 with a .371 average and was also named the American League's Most Valuable Player. He was among the Top 10 vote recipients in the Most Valuable Player voting for seven straight years from 1932 to 1938. He was the starting second baseman and played every inning of the first six All Star Games."
1930s,Third Base,Red Rolfe,New York Yankees,21.1,692,1041,43,377,36,0.305,,,,,,,Offense,photo/1930/red-rolfe.jpg,"Robert Abial ""Red"" Rolfe (October 17, 1908 – July 8, 1969) was an American third baseman, manager and front-office executive in Major League Baseball. A graduate of Phillips Exeter Academy, Rolfe also was an Ivy Leaguer: a graduate, then long-time athletic director of Dartmouth College, and (from 1943–46) baseball and basketball coach at Yale University."
1930s,Shortstop,Arky Vaughan,Pittsburgh Pirates,53.2,754,1413,71,631,66,0.329,,,,,,,Offense,photo/1930/arky-vaughan.jpg,"Vaughan retired with 1,173 runs scored, 96 home runs, 926 RBI, 118 steals, a .318 batting average and a .406 on-base percentage. As of 2011, his .385 batting average, .491 OBP, and 1.098 OPS in 1935 are all Pittsburgh team records,[13] and the batting average is a 20th-century record for National League shortstops.[14] Vaughan is the 26th greatest non-pitcher in major league history, according to win shares. He hit for the cycle twice in his career as a member of the Pirates."
1930s,Left Field,Babe Ruth,"New York Yankees, Boston Braves",40.6,607,797,198,652,22,0.331,,,,,,,Offense,photo/1930/babe-ruth-2.jpg,"George Herman ""Babe"" Ruth Jr. (February 6, 1895 – August 16, 1948) was an American professional baseball player whose career in Major League Baseball (MLB) spanned 22 seasons, from 1914 through 1935. Nicknamed ""The Bambino"" and ""The Sultan of Swat"", he began his MLB career as a stellar left-handed pitcher for the Boston Red Sox, but achieved his greatest fame as a slugging outfielder for the New York Yankees. Ruth is regarded as one of the greatest sports heroes in American culture and is considered by many to be the greatest baseball player of all time."
1930s,Center Field,Joe DiMaggio,New York Yankees,26.3,520,791,137,558,16,0.341,,,,,,,Offense,photo/1930/joe-dimaggio.jpg,"Joseph Paul DiMaggio (November 25, 1914 – March 8, 1999), nicknamed ""Joltin' Joe"" and ""The Yankee Clipper"", was an American baseballcenter fielder who played his entire 13-year career in Major League Baseball for the New York Yankees. He is perhaps best known for his 56-game hitting streak (May 15 – July 16, 1941), a record that still stands."
1930s,Right Field,Mel Ott,New York Giants,68.7,1095,1673,308,1135,50,0.313,,,,,,,Offense,photo/1930/mel-ott.jpg,"Melvin Thomas Ott (March 2, 1909 – November 21, 1958), nicknamed ""Master Melvin"", was an American professional baseball player who played in Major League Baseball (MLB) as a right fielder for the New York Giants, from 1926 through 1947. Ott was born in Gretna, the seat of government of Jefferson Parish in suburban New Orleans. He batted left-handed and threw right-handed. He was an All-Star for eleven consecutive seasons, and was the first National League player to surpass 500 career home runs. He was unusually slight in stature for a power hitter, at 5 feet 9 inches (1.75 m), 170 pounds (77 kg)."
1930s,Pitcher,Lefty Grove,"Philadelphia Athletics, Boston Red Sox",78.3,,,,,,,199,76,2.91,1313,4.9,1.243,Pitcher,photo/1930/lefty-grove.jpg,"One of the greatest left-handed pitchers in major league history, Grove led the American League in wins in four separate seasons, in strikeouts seven years in a row, and had the league's lowest earned run average a record nine times. Over the course of the three years from 1929 to 1931 he twice won the pitcher's Triple Crown, leading the league in wins, strikeouts, and ERA, while amassing a 79-15 record as the ace for the Athletics' dynasty teams."
1940s,Catcher,Ernie Lombardi,"Cincinatti Reds, Boston Braves, New York Giants",19.2,244,725,90,419,3,0.294,,,,,,,Offense,photo/1940/ernie-lombardi.jpg,"Ernesto Natali Lombardi (April 6, 1908 – September 26, 1977), was an Italian American professional baseball player. He played in Major League Baseball (MLB) as a catcher for the Brooklyn Robins, Cincinnati Reds, Boston Braves, and New York Giants during a career that spanned 17 years, from 1931 through 1947. He had several nicknames, including ""Schnozz"", ""Lumbago"", ""Bocci"", ""The Cyrano of the Iron Mask"" and ""Lom"". He was inducted into the National Baseball Hall of Fame in 1986. Baseball writer Bill James called Lombardi ""the slowest man to ever play major league baseball well."""
1940s,First Base,Johnny Mize,"St. Louis Cardinals, New York Giants, New York Yankees",41.2,655,1071,217,744,24,0.304,,,,,,,Offense,photo/1940/johnny-mize.jpg,"John Robert Mize (January 7, 1913 – June 2, 1993), nicknamed Big Jawn and The Big Cat, was a baseball player who was a first baseman for the St. Louis Cardinals, New York Giants, and New York Yankees. He played in Major League Baseball (MLB) for 15 seasons between 1936 and 1953, losing three seasons to military service during World War II. Mize was a ten-time All-Star. Late in his career, he played with the Yankees when they won five consecutive World Series."
1940s,Second Base,Joe Gordon,"New York Yankees, Cleveland Indians",45.6,680,1165,181,710,63,0.27,,,,,,,Offense,photo/1940/joe-gordon.jpg,"Joseph Lowell Gordon (February 18, 1915 – April 14, 1978), nicknamed ""Flash"" in reference to the comic-book character Flash Gordon, was an American second baseman, coach and manager in Major League Baseball who played for the New York Yankees and Cleveland Indians from 1938 to 1950. He was inducted into the Baseball Hall of Fame in 2009."
1940s,Third Base,Whitey Kurowski,St. Louis Cardinals,24,518,925,106,529,19,0.286,,,,,,,Offense,photo/1940/whitey-kurowski.jpg,"George John Kurowski (April 19, 1918 – December 9, 1999) was a third baseman in Major League Baseball who played his entire career for the St. Louis Cardinals (1941-49). Kurowski batted and threw right-handed. He debuted on September 23, 1941, and played his final game on October 1, 1949. In a nine-season career, Kurowski posted a .286 batting average with 106 home runs and 529 RBI in 916 games played. Kurowski's childhood nickname came from his already white hair."
1940s,Shortstop,Lou Boudreau,Cleveland Indians,59.9,758,1578,62,692,47,0.3,,,,,,,Offense,photo/1940/lou-boudreau.jpg,"Louis Boudreau (nicknamed ""Old Shufflefoot,"" ""Handsome Lou"" or ""The Good Kid""; July 17, 1917 – August 10, 2001)[1] was an American professional baseball player and manager. He played in Major League Baseball (MLB) for 15 seasons, primarily as a shortstop on the Cleveland Indians, and managed four teams for 15 seasons including 10 seasons as a player-manager. He was also a radio announcer for the Chicago Cubs."
1940s,Left Field,Ted Williams,Boston Red Sox,65.9,951,1303,234,893,14,0.356,,,,,,,Offense,photo/1940/ted-williams.jpg,"Theodore Samuel Williams (August 30, 1918 – July 5, 2002) was an American professional baseball player and manager. He played his entire 19-year Major League Baseball (MLB) career as a left fielder for the Boston Red Sox from 1939 to 1960, only interrupted by service time during World War II and the Korean War. Nicknamed ""The Kid"", ""The Splendid Splinter"", ""Teddy Ballgame"", ""The Thumper"", and ""The Greatest Hitter Who Ever Lived"", Williams is regarded as one of the greatest players in baseball history, despite being a below average defensive left fielder. Williams was a nineteen-time All-Star,[1] a two-time recipient of the American League (AL) Most Valuable Player Award, a six-time AL batting champion, and a two-time Triple Crown winner. He finished his playing career with a .344 batting average, 521 home runs, and a .482 on-base percentage, the highest of all time. His career batting average is the highest of any MLB player whose career was played primarily in the live-ball era, and ranks tied for 7th all-time (with Billy Hamilton)."
1940s,Center Field,Joe DiMaggio,New York Yankees,43.6,681,1156,180,786,14,0.325,,,,,,,Offense,photo/1940/joe-dimaggio.jpg,"Joseph Paul DiMaggio (November 25, 1914 – March 8, 1999), nicknamed ""Joltin' Joe"" and ""The Yankee Clipper"", was an American baseballcenter fielder who played his entire 13-year career in Major League Baseball for the New York Yankees. He is perhaps best known for his 56-game hitting streak (May 15 – July 16, 1941), a record that still stands."
1940s,Right Field,Stan Musial,St. Louis Cardinals,57.6,815,1432,146,706,44,0.346,,,,,,,Offense,photo/1940/stan-musial.jpg,"Stanley Frank Musial (/_mju_zi_l, -__l/; born Stanis_aw Franciszek Musia_; November 21, 1920 – January 19, 2013), nicknamed Stan the Man, was an American baseball outfielder and first baseman. He spent 22 seasons in Major League Baseball (MLB) playing for the St. Louis Cardinals, from 1941 to 1944 and 1946 to 1963. Widely considered to be one of the greatest and most consistent hitters in baseball history,[1] Musial was a first-ballot inductee into the Baseball Hall of Fame in 1969, and was also selected to the St. Louis Cardinals Hall of Fame in the inaugural class of 2014."
1940s,Pitcher,Bob Feller,Cleveland Indians,38.2,,,,,,,137,82,2.9,1396,6.6,1.247,Pitcher,photo/1940/bob-feller.jpg,"Robert William Andrew Feller (November 3, 1918 – December 15, 2010), nicknamed ""The Heater from Van Meter"", ""Bullet Bob"", and ""Rapid Robert"", was an American baseball pitcher who played 18 seasons in Major League Baseball (MLB) for the Cleveland Indians. Feller pitched from 1936 to 1941 and from 1945 to 1956, interrupted only by a four-year sojourn in the Navy. In a career spanning 570 games, Feller pitched 3,827 innings and posted a win–loss record of 266–162, with 279 complete games, 44 shutouts, and a 3.25 earned run average (ERA)."
1950s,Catcher,Yogi Berra,New York Yankees,47.2,848,1499,256,997,20,0.287,,,,,,,Offense,photo/1950/yogi-berra.jpg,"Lawrence Peter ""Yogi"" Berra (May 12, 1925 – September 22, 2015) was an American professional baseball catcher, who later took on the roles of manager, and coach. He played 19 seasons in Major League Baseball (MLB) (1946–63, 1965), all but the last for the New York Yankees. He was an 18-time All-Star, and won 10 World Series championships as a player—more than any other player in MLB history.[1] Berra had a career batting average of .285, while hitting 358 home runs and 1,430 runs batted in. He is one of only five players to win the American League Most Valuable Player Award three times. He is widely regarded as one of the greatest catchers in baseball history,[2] and was elected to the Baseball Hall of Fame in 1972."
1950s,First Base,Ted Kluszweski,"Cincinatti Reds, Pittsburgh Pirates, Chicago White Sox",29.4,683,1380,239,823,16,0.302,,,,,,,Offense,photo/1950/ted-kluszewski.jpg,"Theodore Bernard ""Big Klu"" Kluszewski (September 10, 1924 – March 29, 1988) was an American professional baseball player from 1947 through 1961. He spent most of his 15-year Major League Baseball (MLB) career playing for the Cincinnati Reds as a first baseman. Kluszewski was a National League (NL) All-Star for four seasons. He had a .298 lifetime batting average, hitting over .290 three-times and over .300 seven-times. "
1950s,Second Base,Nellie Fox,Chicago White Sox,40.6,902,1837,27,534,68,0.3,,,,,,,Offense,photo/1950/nellie-fox.jpg,"Jacob Nelson Fox (December 25, 1927 – December 1, 1975) was an American professional baseball player. Fox was one of the best second basemen of all time, and the third-most difficult hitter to strike out in Major League Baseball (MLB) history.[1] Fox played in the big leagues from 1947 through 1965 and spent the majority of his career as a member of the Chicago White Sox; his career was bookended by multi-year stints for the Philadelphia Athletics and, later, the Houston Astros."
1950s,Third Base,Eddie Mathews,"Boston Braves, Milwaukee Braves",53.5,821,1221,299,777,36,0.281,,,,,,,Offense,photo/1950/eddie-mathews.jpg,"Edwin Lee Mathews (October 13, 1931 – February 18, 2001) was an American Major League Baseball (MLB) third baseman.[1] He played 17 seasons for the Boston Braves, Milwaukee Braves, Atlanta Braves, Houston Astros, and Detroit Tigers, from 1952 through 1968.[1] Mathews was inducted into the National Baseball Hall of Fame in 1978.[2]"
1950s,Shortstop,Ernie Banks,Chicago Cubs,42.3,582,1051,228,661,35,0.295,,,,,,,Offense,photo/1950/ernie-banks.jpg,"Ernest Banks (January 31, 1931 – January 23, 2015), nicknamed ""Mr. Cub"" and ""Mr. Sunshine"", was an American professional baseball player who starred in Major League Baseball (MLB) as a shortstop and first baseman for the Chicago Cubs between 1953 and 1971. He was inducted into the National Baseball Hall of Fame in 1977, and was named to the Major League Baseball All-Century Team in 1999."
1950s,Left Field,Ted Williams,Boston Red Sox,47.5,660,1068,227,729,7,0.336,,,,,,,Offense,photo/1950/ted-williams.jpg,"Theodore Samuel Williams (August 30, 1918 – July 5, 2002) was an American professional baseball player and manager. He played his entire 19-year Major League Baseball (MLB) career as a left fielder for the Boston Red Sox from 1939 to 1960, only interrupted by service time during World War II and the Korean War. Nicknamed ""The Kid"", ""The Splendid Splinter"", ""Teddy Ballgame"", ""The Thumper"", and ""The Greatest Hitter Who Ever Lived"", Williams is regarded as one of the greatest players in baseball history, despite being a below average defensive left fielder. Williams was a nineteen-time All-Star,[1] a two-time recipient of the American League (AL) Most Valuable Player Award, a six-time AL batting champion, and a two-time Triple Crown winner. He finished his playing career with a .344 batting average, 521 home runs, and a .482 on-base percentage, the highest of all time. His career batting average is the highest of any MLB player whose career was played primarily in the live-ball era, and ranks tied for 7th all-time (with Billy Hamilton)."
1950s,Center Field,Mickey Mantle,New York Yankees,67.5,994,1392,280,841,98,0.311,,,,,,,Offense,photo/1950/mickey-mantle.jpg,"Mickey Charles Mantle (October 20, 1931 – August 13, 1995), nicknamed The Commerce Comet and The Mick,[1] was an American professional baseball player. Mantle played his entire Major League Baseball (MLB) career with the New York Yankees as a center fielder and first baseman, from 1951 through 1968. Mantle was one of the best players and sluggers, and is regarded by many as the greatest switch hitter in baseball history.[2]Mantle was inducted into the National Baseball Hall of Fame in 1974[3] and was elected to the Major League Baseball All-Century Team in 1999."
1950s,Right Field,Willie Mays,"New York Giants, San Francisco Giants",58.7,777,1291,250,709,179,0.317,,,,,,,Offense,photo/1950/willie-mays.jpg,"Willie Howard Mays, Jr. (born May 6, 1931), nicknamed ""The Say Hey Kid"", is an American former Major League Baseball (MLB) center fielder who spent almost all of his 22-season career playing for the New York/San Francisco Giants, before finishing with the New York Mets. He was elected to the Baseball Hall of Fame in 1979. Mays' career statistics and his longevity in the pre-performance-enhancing drugs era have drawn speculation that he may be the finest five-tool player ever, and many surveys and expert analyses, which have examined Mays' relative performance, have led to a growing opinion that Mays was possibly the greatest all-around baseball player of all time."
1950s,Pitcher,Whitey Ford,New York Yankees,26.6,,,,,,,121,50,2.66,915,5.3,1.258,Pitcher,photo/1950/whitey-ford.jpg,"Edward Charles ""Whitey"" Ford (born October 21, 1928),[1] nicknamed ""The Chairman of the Board"" is an American former professional baseball pitcher who spent his entire 16-year Major League Baseball (MLB) career with the New York Yankees. He was voted into the Baseball Hall of Fame in 1974. Ford is a ten-time MLB All-Star and six-time World Series champion. Ford won both the Cy Young Award and World Series Most Valuable Player Award in 1961. He led the American League in wins three times and in earned run average twice. The Yankees retired Ford's uniform number in his honor."
1960s,Catcher,Joe Torre,"Milwaukee Braves, Atlanta Braves, St. Louis Cardinals",36.3,542,1261,160,653,10,0.293,,,,,,,Offense,photo/1960/joe-torre.jpg,"Joseph Paul Torre (/_t__ri/; born July 18, 1940) is an American professional baseball executive, serving in the capacity of Major League Baseball's (MLB) chief baseball officer since 2011. A former player, manager and television color commentator, Torre ranks fifth all-time in MLB history with 2,326 wins as a manager. With 2,342 hits during his playing career, Torre is the only major leaguer to achieve both 2,000 hits and 2,000 wins as a manager. From 1996 to 2007, he was the manager of the New York Yankees and guided the team to four World Series championships."
1960s,First Base,Willie McCovey,San Francisco Giants,44.5,728,1189,300,821,17,0.279,,,,,,,Offense,photo/1960/willie-mccovey.jpg,"Willie Lee McCovey (born January 10, 1938), nicknamed ""Mac"", ""Big Mac"", and ""Stretch"", is an American former Major League Baseball first baseman. He played nineteen seasons for the San Francisco Giants, and three more for the San Diego Padres and Oakland Athletics, between 1959and 1980. He batted and threw left-handed and was inducted into the Baseball Hall of Fame in 1986. One of the most intimidating power hitters of his era, McCovey was called ""the scariest hitter in baseball"" by pitcher Bob Gibson, an assessment with which Reggie Jackson concurred."
1960s,Second Base,Pete Rose,Cincinatti Reds,30.1,679,1327,75,433,50,0.309,,,,,,,Offense,photo/1960/pete-rose.jpg,"Peter Edward Rose Sr. (born April 14, 1941), also known by his nickname ""Charlie Hustle"", is an American former professional baseball player and manager. Rose played in Major League Baseball (MLB) from 1963 to 1986, and managed from 1984 to 1989. Rose was a switch hitter and is the all-time MLB leader in hits (4,256), games played (3,562), at-bats (14,053), singles (3,215), and outs (10,328).[1] He won three World Series rings, three batting titles, one Most Valuable Player Award, two Gold Gloves, and the Rookie of the Year Award, and also made 17 All-Star appearances at an unequaled five positions (second baseman, left fielder, right fielder, third baseman, and first baseman). Rose won both of his Gold Gloves when he was an outfielder, in 1969 and 1970."
1960s,Third Base,Dick Allen,Philadelphia Phillies,35.2,591,966,177,544,64,0.3,,,,,,,Offense,photo/1960/dick-allen.jpg,"Richard Anthony Allen (born March 8, 1942) is a former American Major League Baseball (MLB) player and Rhythm and Blues (R&B) singer. He played 15 seasons in the major leagues as a first baseman, third baseman, and outfielder most notably for the Philadelphia Phillies and Chicago White Sox, and is ranked among his sport's top offensive producers of the 1960s and early 1970s."
1960s,Shortstop,Dick McAuliffe,Detroit Tigers,28.8,630,1056,142,487,52,0.255,,,,,,,Offense,photo/1960/dick-mcauliffe.jpg,"Richard John ""Dick"" McAuliffe (November 29, 1939 – May 13, 2016) was an American professional baseball player. He played in Major League Baseball as a shortstop and second baseman for the Detroit Tigers from 1960 to 1973 and for the Boston Red Sox from 1974 to 1975.[1] He was a part of the Tigers' 1968 World Series championship, and was known for his unusual batting stance. A left-handed hitter, he held his hands very high with an open stance that faced the pitcher. As the pitcher delivered to home plate, McAuliffe moved his forward (right) foot to a more conventional position for his swing."
1960s,Center Field,Mickey Mantle,New York Yankees,42.3,682,1023,256,668,55,0.282,,,,,,,Offense,photo/1960/mickey-mantle.jpg,"Mickey Charles Mantle (October 20, 1931 – August 13, 1995), nicknamed The Commerce Comet and The Mick,[1] was an American professional baseball player. Mantle played his entire Major League Baseball (MLB) career with the New York Yankees as a center fielder and first baseman, from 1951 through 1968. Mantle was one of the best players and sluggers, and is regarded by many as the greatest switch hitter in baseball history.[2]Mantle was inducted into the National Baseball Hall of Fame in 1974[3] and was elected to the Major League Baseball All-Century Team in 1999."
1960s,Left Field,Frank Robinson,"Cincinatti Reds, Baltimore Orioles",64.6,1013,1603,316,1011,145,0.304,,,,,,,Offense,photo/1960/frank-robinson.jpg,"Frank Robinson (born August 31, 1935) is an American former Major League Baseball (MLB) outfielder and manager. He played for five teams from 1956 to 1976, and became the only player to win league MVP honors in both the National and American Leagues.[1] He won the Triple Crown, was a member of two teams that won the World Series (the 1966 and 1970 Baltimore Orioles), and amassed the fourth-most career home runs at the time of his retirement (he is currently 10th). Robinson was elected to the Baseball Hall of Fame in 1982."
1960s,Right Field,Willie Mays,San Francisco Giants,84.1,1050,1635,350,1003,126,0.3,,,,,,,Offense,photo/1960/willie-mays.jpg,"Willie Howard Mays, Jr. (born May 6, 1931), nicknamed ""The Say Hey Kid"", is an American former Major League Baseball (MLB) center fielder who spent almost all of his 22-season career playing for the New York/San Francisco Giants, before finishing with the New York Mets. He was elected to the Baseball Hall of Fame in 1979. Mays' career statistics and his longevity in the pre-performance-enhancing drugs era have drawn speculation that he may be the finest five-tool player ever, and many surveys and expert analyses, which have examined Mays' relative performance, have led to a growing opinion that Mays was possibly the greatest all-around baseball player of all time."
1960s,Pitcher,Sandy Koufax,"Brooklyn Dodgers, Los Angeles Dodgers",48,,,,,,,137,60,2.36,1910,9.5,1.005,Pitcher,photo/1960/sandy-koufax.jpg,"Sanford Koufax (born December 30, 1935) is a former American Major League Baseball (MLB) left-handed pitcher. He pitched 12 seasons for the Brooklyn/Los Angeles Dodgers, from 1955 to 1966. Koufax, at age 36 in 1972, became the youngest player ever elected to the Baseball Hall of Fame. Koufax's career peaked with a run of six outstanding years from 1961 to 1966, before arthritis in his left elbow ended his career prematurely at age 30. He was an All-Star for six seasons[2] and was the National League's Most Valuable Player in 1963. He won three Cy Young Awards in 1963, 1965, and 1966, by unanimous votes."
1970s,Catcher,Johnny Bench,Cincinatti Reds,58.8,792,1396,290,1013,56,0.267,,,,,,,Offense,photo/1970/johnny-bench.jpg,"Johnny Lee Bench (born December 7, 1947) is an American former professional baseball catcher who played in the Major Leagues for the Cincinnati Reds from 1967 to 1983 and is a member of the National Baseball Hall of Fame.[1][2][3] Bench is a 14-time All-Star selection and a two-time National League Most Valuable Player. He was a key member of the Big Red Machine that won six division titles, four National League pennants, and two World Series championships.[4][5] ESPN has called him the greatest catcher in baseball history."
1970s,First Base,Dick Allen,"St. Louis Cardinals, Los Angeles Dodgers, Chicago White Sox, Philadelphia Phillies, Oakland Athletics",23.5,508,882,174,575,69,0.284,,,,,,,Offense,photo/1970/dick-allen.jpg,"Richard Anthony Allen (born March 8, 1942) is a former American Major League Baseball (MLB) player and Rhythm and Blues (R&B) singer. He played 15 seasons in the major leagues as a first baseman, third baseman, and outfielder most notably for the Philadelphia Phillies and Chicago White Sox, and is ranked among his sport's top offensive producers of the 1960s and early 1970s."
1970s,Second Base,Joe Morgan,"Houston Astros, Cincinatti Reds",66.9,1005,1451,173,720,488,0.282,,,,,,,Offense,photo/1970/joe-morgan.jpg,"Joe Leonard Morgan (born September 19, 1943) is an American former Major League Baseball second baseman who played for the Houston Astros, Cincinnati Reds, San Francisco Giants, Philadelphia Phillies, and Oakland Athletics from 1963 to 1984. He won two World Series championships with the Reds in 1975 and 1976 and was also named the National League Most Valuable Player in those years. Considered one of the greatest second basemen of all-time, Morgan was inducted into the Baseball Hall of Fame in 1990. He became a baseball broadcaster for ESPN after his retirement, and now hosts a weekly nationally syndicated radio show for Sports USA. He is currently a special adviser to the Reds."
1970s,Third Base,Mike Schmidt,Philadelphia Phillies,50.1,674,947,235,666,117,0.255,,,,,,,Offense,photo/1970/mike-schmidt.jpg,"Michael Jack Schmidt (born September 27, 1949) is an American former professional baseball third baseman who played 17 seasons in Major League Baseball (MLB) for the Philadelphia Phillies. Schmidt was a twelve-time All-Star and a three-time winner of the National League (NL) Most Valuable Player award (MVP), and he was known for his combination of power hitting and strong defense: as a hitter, he compiled 548 home runs and 1,595 runs batted in (RBIs), and led the NL in home runs eight times and in RBIs four times. As a fielder, Schmidt won the National League Gold Glove Award for third basemen ten times. Schmidt was elected to the Baseball Hall of Fame in 1995 and is often considered the greatest third baseman in baseball history"
1970s,Shortstop,Toby Harrah,"Washington Senators, Texas Rangers, Cleveland Indians",31.5,625,1151,128,560,160,0.261,,,,,,,Offense,photo/1970/toby-harrah.jpg,"Colbert Dale (Toby) Harrah (born October 26, 1948) is an American former professional baseball player. He played as a shortstop and third basemanin Major League Baseball from 1969 to 1986. Harrah played for the Texas Rangers both before (Washington Senators era) and after their 1971 franchise shift. He also played for the Cleveland Indians and the New York Yankees. In 1992, he briefly served as manager of the Rangers. Harrah most recently served as the assistant hitting coach for the Detroit Tigers."
1970s,Left Field,Willie Stargell,Pittsburgh Pirates,37.8,718,1261,296,906,6,0.287,,,,,,,Offense,photo/1970/willie-stargell.jpg,"Wilver Dornell Stargell (March 6, 1940 – April 9, 2001), nicknamed ""Pops"" in the later years of his career, was an American professional baseballplayer. He played his entire Major League Baseball (MLB) career (1962–1982) as the left fielder and first baseman for the Pittsburgh Pirates of the National League (NL). Over his 21-year career with the Pirates, he batted .282, with 2,232 hits, 423 doubles, 475 home runs, and 1,540 runs batted in, helping his team capture six NL East division titles, two National League pennants, and two World Series (1971, 1979). Stargell was inducted into the Baseball Hall of Fame in 1988."
1970s,Right Field,Reggie Jackson,"Oakland Athletics, Baltimore Orioles, New York Yankees",51.2,833,1410,292,922,183,0.275,,,,,,,Offense,photo/1970/reggie-jackson.jpg,"Reginald Martinez Jackson (born May 18, 1946) is an American former professional baseball right fielder who played 21 seasons for the Kansas City / Oakland Athletics, Baltimore Orioles, New York Yankees, and California Angels of Major League Baseball (MLB). Jackson was inducted into the National Baseball Hall of Fame in 1993. Jackson was nicknamed ""Mr. October"" for his clutch hitting in the postseason with the Athletics and the Yankees."
1970s,Center Field,Reggie Smith,"Boston Red Sox, St. Louis Cardinals, Los Angeles Dodgers",44.7,776,1355,225,750,80,0.292,,,,,,,Offense,photo/1970/reggie-smith.jpg,"Carl Reginald Smith (born April 2, 1945) is an American former professional baseball player. He played in Major League Baseball as an outfielderand afterwards served as a coach and front office executive. He also played in the Nippon Professional Baseball league for two seasons at the end of his playing career. During a seventeen-year major league career (1966–1982), Smith appeared in 1,987 games, hit 314 home runs and batted .287. He was a switch-hitter who threw right-handed. In his prime, he had one of the strongest throwing arms of any outfielder in the big leagues. Smith played at least 70 games in 13 different seasons, and in every one of those 13 seasons, his team had a winning record."
1970s,Pitcher,Tom Seaver,New York Mets,67.3,843,,,,,,178,101,2.61,2304,7.8,1.073,Pitcher,photo/1970/tom-seaver.jpg,"George Thomas Seaver (born November 17, 1944), nicknamed Tom Terrific and The Franchise, is a retired Major League Baseball (MLB) pitcher. He pitched from 1967 to 1986 for four different teams, but is noted primarily for his time with the New York Mets and especially for his important role in the team's 1969 World Championship. During a 20-year career, Seaver compiled 311 wins, 3,640 strikeouts, 61 shutouts and a 2.86 earned run average. In 1992, he was inducted into the National Baseball Hall of Fame by the highest percentage of votes ever recorded at the time (98.84%; subsequently surpassed in 2016 by Ken Griffey Jr. with 99.32%), and is one of two players (with Mike Piazza) wearing a New York Mets hat on his plaque at Cooperstown. "
1980s,Catcher,Gary Carter,"Montreal Expos, New York Mets",44.7,625,1265,207,800,11,0.264,,,,,,,Offense,photo/1980/gary-carter.jpg,"Gary Edmund Carter (April 8, 1954 – February 16, 2012) was an American professional baseball catcher whose 21-year career was spent primarily with the Montreal Expos and New York Mets. Nicknamed ""Kid"" for his youthful exuberance, Carter was named an All-Star 11 times, and was a member of the 1986 World Champion Mets."
1980s,First Base,Don Mattingly,New York Yankees,33.2,615,1300,164,717,8,0.323,,,,,,,Offense,photo/1980/don-mattingly.jpg,"Donald Arthur Mattingly (born April 20, 1961) is an American former professional baseball first baseman, coach and current manager of the Miami Marlins. Nicknamed ""The Hit Man"" and ""Donnie Baseball"", he spent his entire 14-year career playing with the New York Yankees and later managed the Los Angeles Dodgers for five years."
1980s,Second Base,Lou Whitaker,Detroit Tigers,43.4,814,1452,143,619,87,0.275,,,,,,,Offense,photo/1980/lou-whitaker.jpg,"Louis Rodman Whitaker Jr. (born May 12, 1957), nicknamed ""Sweet Lou"", is a former Major League Baseball (MLB) player. Whitaker was a second baseman for the Detroit Tigers from 1977 to 1995. Along with teammate Alan Trammell, Whitaker was part of the longest running ""double play"" combination in Major League history."
1980s,Third Base,Mike Schmidt,Philadelphia Phillies,56.4,832,1287,313,929,57,0.277,,,,,,,Offense,photo/1980/mike-schmidt.jpg,"Michael Jack Schmidt (born September 27, 1949) is an American former professional baseball third baseman who played 17 seasons in Major League Baseball (MLB) for the Philadelphia Phillies. Schmidt was a twelve-time All-Star and a three-time winner of the National League (NL) Most Valuable Player award (MVP), and he was known for his combination of power hitting and strong defense: as a hitter, he compiled 548 home runs and 1,595 runs batted in (RBIs), and led the NL in home runs eight times and in RBIs four times. As a fielder, Schmidt won the National League Gold Glove Award for third basemen ten times. Schmidt was elected to the Baseball Hall of Fame in 1995 and is often considered the greatest third baseman in baseball history."
1980s,Shortstop,Cal Ripken Jr.,Baltimore Orioles,50.1,793,1402,204,744,19,0.277,,,,,,,Offense,photo/1980/cal-ripken.jpg,"Calvin Edwin Ripken Jr. (born August 24, 1960), nicknamed ""The Iron Man"", is an American former baseball shortstop and third baseman who played 21 seasons in Major League Baseball (MLB) for the Baltimore Orioles (1981–2001). One of his position's most offensively productive players, Ripken compiled 3,184 hits, 431 home runs, and 1,695 runs batted in during his career, and he won two Gold Glove Awards for his defense. He was a 19-time All-Star and was twice named American League (AL) Most Valuable Player (MVP). Ripken holds the record for consecutive games played, 2,632, surpassing Lou Gehrig's streak of 2,130 that had stood for 56 years and that many deemed unbreakable. In 2007, he was elected into the National Baseball Hall of Fame in his first year of eligibility, and currently has the fourth highest voting percentage of all time (98.53%)."
1980s,Right Field,Darryl Strawberry,New York Mets,30.2,570,875,215,625,176,0.26,,,,,,,Offense,photo/1980/darryl-strawberry.jpg,"Darryl Eugene Strawberry Sr. (born March 12, 1962) is an American former professional baseball right fielder and an ordained Christian minister and author.[1] Strawberry is well known for his 17-year career in Major League Baseball (MLB). Throughout the 1980s and early 1990s, Strawberry was one of the most feared sluggers in the sport, known for his prodigious home runs and his intimidating presence in the batter's box with his 6-foot-6 frame and his long, looping swing that elicited comparisons to Ted Williams."
1980s,Left Field,Rickey Henderson,"Oakland Athletics, New York Yankees",70.8,1122,1507,137,535,838,0.291,,,,,,,Offense,photo/1980/rickey-henderson.jpg,"Rickey Nelson Henley Henderson (born December 25, 1958) is an American retired professional baseball left fielder who played in Major League Baseball (MLB) for nine teams from 1979 to 2003, including four stints with his original team, the Oakland Athletics. Nicknamed ""The Man of Steal"", he is widely regarded as baseball's greatest leadoff hitter and baserunner.[1][2] He holds the major league records for career stolen bases, runs, unintentional walks and leadoff home runs. At the time of his last major league game in 2003, the ten-time American League (AL) All-Star ranked among the sport's top 100 all-time home run hitters and was its all-time leader in base on balls. In 2009, he was inducted to the Baseball Hall of Fameon his first ballot appearance."
1980s,Center Field,Dwight Evans,Boston Red Sox,42,956,1497,256,900,37,0.28,,,,,,,Offense,photo/1980/dwight-evans.jpg,"Dwight Michael ""Dewey"" Evans (born November 3, 1951) is an American former professional baseball right fielder and right-handed batter who played with the Boston Red Sox (1972–90) and Baltimore Orioles (1991) in Major League Baseball (MLB). He was a three-time All-Star, won eight Gold Glove Awards, and won two Silver Slugger Awards. Evans played the second-most career games for the Red Sox of any player, surpassed only by Carl Yastrzemski."
1980s,Pitcher,Roger Clemens,Boston Red Sox,35.7,,,,,,,95,45,3.06,1215,8.5,1.136,Pitcher,photo/1980/roger-clemens.jpg,"William Roger Clemens (born August 4, 1962), nicknamed ""Rocket"", is an American former baseball pitcher who played 24 seasons in Major League Baseball (MLB) for four teams. Clemens was one of the most dominant pitchers in major league history, tallying 354 wins, a 3.12 earned run average (ERA), and 4,672 strikeouts, the third-most all time. An 11-time All-Star and two-time World Series champion, he won seven Cy Young Awards during his career, more than any other pitcher in history. Clemens was known for his fierce competitive nature and hard-throwing pitching style, which he used to intimidate batters."
1990s,Catcher,Mike Piazza,"Los Angeles Dodgers, Florida Marlins",41.5,611,1200,240,768,13,0.328,,,,,,,Offense,photo/1990/mike-piazza.jpg,"Michael Joseph Piazza (born September 4, 1968) is an American former professional baseball catcher who played 16 seasons in Major League Baseball (MLB), from 1992 to 2007. He played most notably for the New York Mets and Los Angeles Dodgers, while also having brief stints with the Florida Marlins, San Diego Padres, and Oakland Athletics. A 12-time All-Star and 10-time Silver Slugger Award winner at catcher, Piazza produced strong offensive numbers at his position; in his career, he recorded 427 home runs—a record 396 of which were hit as catcher—along with a .308 batting average and 1,335 runs batted in (RBIs)."
1990s,First Base,Frank Thomas,Chicago White Sox,52.7,968,1564,301,1040,28,0.32,,,,,,,Offense,photo/1990/frank-thomas-2.jpg,"Frank Edward Thomas Jr. (born May 27, 1968), nicknamed ""The Big Hurt,""[1] is an American former first baseman and designated hitter in Major League Baseball who played for three American League (AL) teams from 1990 to 2008, all but the last three years with the Chicago White Sox. A five-time All-Star, he is the only player in major league history to have seven consecutive seasons (1991–97) with at least a .300 batting average, 100 runs batted in (RBI), 100 runs scored, 100 walks, and 20 home runs. Thomas also won the AL batting title in 1997 with a .347 mark."
1990s,Second Base,Craig Biggio,Houston Astros,52.9,1042,1728,136,641,319,0.297,,,,,,,Offense,photo/1990/craig-biggio.jpg,"Craig Alan Biggio (born December 14, 1965) is an American former second baseman, outfielder and catcher in Major League Baseballwho played his entire career from 1988 through 2007 for the Houston Astros. A seven-time National League (NL) All-Star often regarded as the greatest all-around player in Astros history, he is the only player ever to be named an All-Star at both catcher and second base. With longtime teammates Jeff Bagwell and Lance Berkman, he formed the core of the ""Killer B's"" who led Houston to six playoff appearances from 1997 to 2005, culminating in the franchise's first World Series appearance in 2005. At the end of his career he ranked sixth in NL history in games played (2,850), fifth in at bats (10,876), eighth in hits (3,060) and seventh in runs scored (1,844). His 668 career doubles ranked fifth in major league history, and are the most ever by a right-handed hitter; his 56 doubles in 1999 were the most in the major leagues in 63 years."
1990s,Third Base,Chipper Jones,Atlanta Braves,26.9,542,871,153,524,83,0.301,,,,,,,Offense,photo/1990/chipper-jones.png,"Larry Wayne ""Chipper"" Jones Jr. (born April 24, 1972) is an American former Major League Baseball (MLB) player. Jones was the Atlanta Braves' number one overall pick in the 1990 MLB draft and their primary third baseman from 1995 to 2012.[1] An eight-time All-Star, Jones won the 1999 National League (NL) Most Valuable Player Award and the 1999 and 2000 NL Silver Slugger Award for third basemen. He was the MLB batting champion in 2008 after hitting .364."
1990s,Shortstop,Barry Larkin,Cincinatti Reds,52.4,834,1447,137,639,266,0.303,,,,,,,Offense,photo/1990/barry-larkin.jpg,"Barry Louis Larkin (born April 28, 1964) is a retired Major League Baseball (MLB) player. Larkin played shortstop for the Cincinnati Reds from 1986 to 2004 and was one of the pivotal players on the 1990 Reds' World Series championship team. Larkin was elected to the National Baseball Hall of Fame in January 2012 and was inducted on July 22, 2012.[1]"
1990s,Left Field,Barry Bonds,"Pittsburgh Pirates, San Francisco Giants",79.9,1091,1478,361,1076,343,0.302,,,,,,,Offense,photo/1990/barry-bonds.jpg,"Barry Lamar Bonds (born July 24, 1964) is an American former professional baseball left fielder who played 22 seasons in Major League Baseball(MLB) with the Pittsburgh Pirates and San Francisco Giants.[1] Bonds received seven NL MVP awards and 14 All-Star selections, and is considered to be one of the greatest baseball players of all time. Bonds led a controversial career, notably as a central figure in baseball's steroids scandal."
1990s,Center Field,Ken Griffey Jr.,Seattle Mariners,67.3,1002,1622,382,1091,151,0.302,,,,,,,Offense,photo/1990/ken-griffey-jr.jpg,"George Kenneth Griffey Jr. (born November 21, 1969) nicknamed ""Junior"" and ""The Kid"", is an American former professional baseball outfielderwho played 22 years in Major League Baseball (MLB). He spent most of his career with the Seattle Mariners and Cincinnati Reds, along with a short stint with the Chicago White Sox. A 13-time All-Star, Griffey is one of the most prolific home run hitters in baseball history; his 630 home runs rank as the sixth-most in MLB history. Griffey was also an exceptional defender and won 10 Gold Glove Awards in center field. He is tied for the record of most consecutive games with a home run (eight, with Don Mattingly and Dale Long)."
1990s,Right Field,Albert Belle,"Cleveland Indians, Chicago White Sox, Baltimore Orioles",39.4,881,1520,351,1099,86,0.299,,,,,,,Offense,photo/1990/albert-belle.jpg,"Albert Jojuan Belle (born August 25, 1966) is a former American Major League Baseball outfielder for the Cleveland Indians, Chicago White Sox, and Baltimore Orioles. Standing at 6 feet 2 inches (1.88 m) and weighing 225 pounds (102 kg), Belle was one of the leading sluggers of his time, and in 1995 became the first and still only player to ever hit 50 doubles and 50 home runs in a single season. He was also the first player to break the 10-million-dollar per year compensation contract in Major League Baseball."
1990s,Pitcher,Greg Maddux,"Chicago Cubs, Atlanta Braves",65.3,,,,,,,176,88,2.54,1764,6.6,1.055,Pitcher,photo/1990/greg-maddux.jpg,"Gregory Alan Maddux (born April 14, 1966), nicknamed ""Mad Dog"" and ""The Professor"", is an American former Major League Baseball (MLB) pitcher. Maddux is best known for his accomplishments while playing for the Atlanta Braves and the Chicago Cubs. With the Braves, he won the 1995 World Series over the Cleveland Indians. The first to achieve a number of feats and records, he was the first pitcher in major league history to win the Cy Young Award for four consecutive years (1992–1995), matched by only one other pitcher, Randy Johnson. During those four seasons, Maddux had a 75–29 record with a 1.98 earned run average (ERA), while allowing less than one baserunner per inning"
2000s,Catcher,Jorge Posada,New York Yankees,37.5,681,1251,208,819,15,0.283,,,,,,,Offense,photo/2000/jorge-posada.jpg,"Jorge Rafael Posada Villeta (born August 17, 1971) is a Puerto Rican former professional baseball catcher who played 17 seasons in Major League Baseball (MLB) for the New York Yankees. Posada produced strong offensive numbers for his position, recording a .273 batting average, 275 home runs, and 1,065 runs batted in (RBIs) during his career. A switch hitter, Posada was a five-time All-Star, won five Silver Slugger Awards, and was on the roster for four World Series championship teams."
2000s,First Base,Albert Pujols,St. Louis Cardinals,73.6,1071,1717,366,1112,61,0.334,,,,,,,Offense,photo/2000/albert-pujols.jpg,"José Alberto ""Albert"" Pujols Alcántara (born January 16, 1980) is a Dominican American professional baseball first baseman for the Los Angeles Angels of Major League Baseball (MLB). He previously played 11 seasons for the St. Louis Cardinals, with whom he was a three-time National League (NL) Most Valuable Player (MVP) (2005, 2008, 2009) and nine-time All-Star (2001, 2003–2010). He made his tenth All-Star appearance with the Angels in 2015. A right-handed batter and thrower, Pujols stands 6 feet 3 inches (1.91 m) tall, and weighs 240 pounds (110 kg)."
2000s,Second Base,Chase Utley,Philadelphia Phillies,42.1,602,978,161,585,83,0.295,,,,,,,Offense,photo/2000/chase-utley.png,"Chase Cameron Utley (born December 17, 1978) is an American professional baseball second baseman for the Los Angeles Dodgers of Major League Baseball (MLB). A native of the Greater Los Angeles Area, he grew up in Long Beach, California, and attended UCLA. Utley played in Major League Baseball (MLB) for the Philadelphia Phillies from 2003 to 2015. He is a six-time All-Star, won a World Series with the Phillies in 2008, and was chosen as the second baseman on the Sports Illustrated All-Decade Team for the 2000s.[1] He bats left-handed and throws right-handed."
2000s,Third Base,Alex Rodriguez,New York Yankees,77.6,1190,1740,435,1243,179,0.304,,,,,,,Offense,photo/2000/alex-rodriguez.jpg,"Alexander Emmanuel Rodriguez (born July 27, 1975), nicknamed ""A-Rod"", is a former professional baseball shortstop and third baseman. He played 22 seasons in Major League Baseball (MLB) for the Seattle Mariners, Texas Rangers, and New York Yankees. Rodriguez was one of the sport's most highly touted prospects and is considered one of the greatest baseball players of all time.[1][2][3] Rodriguez amassed a .295 batting average, 696 home runs, over 2,000 runs batted in (RBI), over 2,000 runs scored, and over 3,000 hits. He is a 14-time All-Star and won three American League (AL) Most Valuable Player (MVP) Awards, ten Silver Slugger Awards, and two Gold Glove Awards. Rodríguez is the career record holder for grand slams with 25. He signed two of the most lucrative sports contracts in history, but his career was highly controversial. He incurred criticism from the media for his behavior[4] and use of performance-enhancing drugs."
2000s,Shortstop,Derek Jeter,New York Yankees,43.9,1088,1940,161,727,219,0.317,,,,,,,Offense,photo/2000/derek-jeter.jpg,"Derek Sanderson Jeter (/_d_i_t_r/ JEE-t_r; born June 26, 1974) is an American former professional baseball shortstop, current businessman and baseball executive who is the chief executive officer (CEO) and part owner of the Miami Marlins of Major League Baseball (MLB). As a shortstop, Jeter spent his entire 20-year MLB playing career with the New York Yankees. A five-time World Series champion, Jeter is regarded as a central figure of the Yankees' success of the late 1990s and early 2000s for his hitting, baserunning, fielding, and leadership. He is the Yankees' all-time career leader in hits (3,465), doubles (544), games played (2,747), stolen bases (358), times on base (4,716), plate appearances (12,602) and at bats(11,195).[1] His accolades include 14 All-Star selections, five Gold Glove Awards, five Silver Slugger Awards, two Hank Aaron Awards, and a Roberto Clemente Award. Jeter was the 28th player to reach 3,000 hits and finished his career ranked sixth in MLB history in career hits and first among shortstops. In 2017, the Yankees retired his uniform number 2."
2000s,Left Field,Barry Bonds,San Francisco Giants,59.1,772,925,317,697,54,0.322,,,,,,,Offense,photo/2000/barry-bonds.jpg,"Barry Lamar Bonds (born July 24, 1964) is an American former professional baseball left fielder who played 22 seasons in Major League Baseball(MLB) with the Pittsburgh Pirates and San Francisco Giants.[1] Bonds received seven NL MVP awards and 14 All-Star selections, and is considered to be one of the greatest baseball players of all time. Bonds led a controversial career, notably as a central figure in baseball's steroids scandal."
2000s,Right Field,Manny Ramirez,"Cleveland Indians, Boston Red Sox, Los Angeles Dodgers",43.5,933,1562,348,1106,10,0.317,,,,,,,Offense,photo/2000/manny-ramirez.jpg,"Manuel Arístides Ramírez Onelcida (born May 30, 1972) is a Dominican-American professional baseball outfielder for the K_chi Fighting Dogs of the Shikoku Island League Plus. He played in Major League Baseball (MLB) for parts of 19 seasons. He played with the Cleveland Indians, Boston Red Sox, Los Angeles Dodgers, Chicago White Sox, and Tampa Bay Rays before playing one season in the Chinese Professional Baseball League. Ramirez is recognized for having had great batting skill and power. He was a nine-time Silver Slugger and was one of 25 players to hit 500 career home runs. His 21 grand slams are third all-time, and his 29 postseason home runs are the most in MLB history. He appeared in 12 All-Star Games, with a streak of eleven consecutive games beginning in 1998 that included every season that he played with the Red Sox."
2000s,Center Field,Lance Berkman,Houston Astros,46.2,959,1553,309,1026,74,0.3,,,,,,,Offense,photo/2000/lance-berkman.png,"William Lance Berkman (born February 10, 1976), nicknamed ""Big Puma"", is an American former professional baseball outfielder and first baseman. He played 15 seasons in Major League Baseball (MLB) for the Houston Astros, New York Yankees, St. Louis Cardinals and Texas Rangers. Berkman is a six-time MLB All-Star and won a World Series championship and the National League Comeback Player of the Year Award with the Cardinals in 2011. He stands 6 feet 1 inch (1.85 m), and weighs 220 pounds (100 kg). Berkman has spent various seasons of his career as a regular at all three outfield positions."
2000s,Pitcher,Pedro Martinez,"Boston Red Sox, New York Mets, Philadelphia Phillies",45.7,,,,,,,112,50,3.01,1620,9.9,1.036,Pitcher,photo/2000/pedro-martinez.jpg,"Pedro Jaime Martínez (born October 25, 1971) is a Dominican–American[1] former starting pitcher in Major League Baseball who played for five teams from 1992 to 2009, most notably the Boston Red Sox from 1998 to 2004. From 2002 to 2006 he held the major league record for the highest career winning percentage by a pitcher with at least 200 decisions; with a final record of 219 wins and 100 losses, he retired with the fourth-highest percentage in history, and the highest by a right-hander since the modern pitching era began in 1893.[2] He ended his career with an earned run average (ERA) of 2.93, the sixth-lowest by a pitcher with at least 2,500 innings pitched since 1920. Martínez reached the 3,000 strikeout mark in fewer innings than any pitcher except Randy Johnson, and is the only pitcher to compile over 3,000 strikeouts with fewer than 3,000 innings pitched; his career strikeout rate of 10.04 per 9 innings trails only Johnson (10.61) among pitchers with over 1,500 innings."